gender,email,phone,cell,nat,name.title,name.first,name.last,location.street.number,location.street.name,location.city,location.state,location.country,location.postcode,location.coordinates.latitude,location.coordinates.longitude,location.timezone.offset,location.timezone.description,login.uuid,login.username,login.password,login.salt,login.md5,login.sha1,login.sha256,dob.date,dob.age,registered.date,registered.age,id.name,id.value,picture.large,picture.medium,picture.thumbnail
male,aadi.kumari@example.com,9137965138,7346984127,IN,Mr,Aadi,Kumari,8671,Santhekatte,Panipat,Puducherry,India,40562,9.1657,-79.2078,-11:00,"Midway Island, Samoa",070ddbc5-8456-4703-b8a8-42b0e26cf992,redleopard350,lorenzo,GqwzDbnp,5b70be2634b1a1d180f436c71bbc93be,d408399a42af9a8ec08c8179cbc7532153217e85,c5b41fe297089b549b9ca5c296f195dd49fe30b8fdee4dbc35d312b6f2a915ad,1954-05-28T09:51:14.897Z,71,2016-02-29T06:01:55.143Z,10,UIDAI,472005041634,https://randomuser.me/api/portraits/men/1.jpg,https://randomuser.me/api/portraits/med/men/1.jpg,https://randomuser.me/api/portraits/thumb/men/1.jpg
female,donita.hiremath@example.com,7065108666,8147376514,IN,Mrs,Donita,Hiremath,7896,Kasba Peth,Tiruppur,Assam,India,84038,-32.4484,112.2067,-6:00,"Central Time (US & Canada), Mexico City",0469ee61-4b7c-4310-8072-a579b3593c6f,beautifulgoose395,barney1,HjM04b18,bf3bafb931c6a47ccb082bb958dc9cbf,a7af806c8773be0d3f6412b6ebeda9f5ddb7a056,65974a67148d9ee9e80169ade50f89ced4578102a0ce5c3dcf146449e6b448de,1984-02-09T03:01:35.439Z,42,2017-11-29T07:50:14.782Z,8,UIDAI,434712400850,https://randomuser.me/api/portraits/women/92.jpg,https://randomuser.me/api/portraits/med/women/92.jpg,https://randomuser.me/api/portraits/thumb/women/92.jpg
male,enno.graf@example.com,0390-5040836,0177-1306564,DE,Mr,Enno,Graf,5362,Amselweg,Bad Berka,Bremen,Germany,64379,-73.7242,116.1530,-6:00,"Central Time (US & Canada), Mexico City",829fe0df-1065-4bcf-90a9-10cbaa727c5c,heavycat146,gotmilk,PN0SMm6m,143bbd489ba978f5136e2f1849cb5a64,daa22b5655a577990f78a55bcf271ea8c8202b3f,ad0c3154cd021882eec216a55704a15d659078564c65d2add2cf72b7828f60ed,1982-11-17T06:54:47.303Z,43,2011-09-02T08:06:45.548Z,14,SVNR,73 171182 G 090,https://randomuser.me/api/portraits/men/34.jpg,https://randomuser.me/api/portraits/med/men/34.jpg,https://randomuser.me/api/portraits/thumb/men/34.jpg
female,arjanne.schoonderbeek@example.com,(0084) 266586,(06) 45552906,NL,Mrs,Arjanne,Schoonderbeek,2176,Het Regelink,Riihem,Noord-Holland,Netherlands,3646 ZM,18.8323,13.5510,0:00,"Western Europe Time, London, Lisbon, Casablanca",26756b23-701d-4903-b343-80049aafba3e,bigostrich508,brandy,5kcVpnyE,c7d6286fbae3cbf018e1fde5ce902bc4,f148c509875f57375ba20ae34ad04391f98367f7,0c230e9a238330c8d0474f407deced094bae40b70d1b8b4ac2610325981cd6d5,1953-09-17T02:57:47.079Z,72,2010-05-30T05:06:45.325Z,15,BSN,82363787,https://randomuser.me/api/portraits/women/15.jpg,https://randomuser.me/api/portraits/med/women/15.jpg,https://randomuser.me/api/portraits/thumb/women/15.jpg
female,buse.yetkiner@example.com,(526)-667-4093,(084)-626-7338,TR,Mrs,Buse,Yetkiner,8137,Doktorlar Cd,Denizli,Kastamonu,Turkey,85193,-54.0547,-34.7508,-10:00,Hawaii,720a755f-0907-40c4-9b25-0b8a7d31bb19,redgorilla925,slim,ng5o0XwQ,3c602d66173a174242e97915bbd38ee6,ed290f14de316e2477a279f1e9ce18daeca84d78,906b41ccaba9958fe8d0a78a952ac2c274d56d4def5bd08221ac363897d95a26,1986-01-31T18:19:10.146Z,40,2017-06-09T02:52:16.179Z,8,,,https://randomuser.me/api/portraits/women/28.jpg,https://randomuser.me/api/portraits/med/women/28.jpg,https://randomuser.me/api/portraits/thumb/women/28.jpg
female,secil.goosens@example.com,(094) 0011810,(06) 02840086,NL,Miss,Seçil,Goosens,6703,Hillegonda Lijesenstraat,Bunschoten-Spakenburg,Drenthe,Netherlands,3987 BH,29.9848,-13.7433,+2:00,"Kaliningrad, South Africa",3bbafe20-c336-4721-a726-29f6edf0860c,orangebutterfly484,lakota,W9Mxbcu8,844da52d3cae951904d856caf53a9996,1bd7a1da27cfa604c76c0d6aa41813ece98d2484,05282fc403fcc1c974ded8f300679881b60cbcf09d8c328b5c5571219a82e31b,1962-04-18T19:40:57.937Z,63,2004-06-12T05:07:33.102Z,21,BSN,96553825,https://randomuser.me/api/portraits/women/96.jpg,https://randomuser.me/api/portraits/med/women/96.jpg,https://randomuser.me/api/portraits/thumb/women/96.jpg
female,danielle.mitchell@example.com,09-0506-9703,0434-368-225,AU,Ms,Danielle,Mitchell,8527,E Sandy Lake Rd,Bundaberg,Tasmania,Australia,7678,-6.3916,-90.7316,+7:00,"Bangkok, Hanoi, Jakarta",aa8c9968-893f-419d-b5a6-cdc5a6af7ec1,purpleladybug298,frog,ACC4dUJk,30eb00fd7970e2a2b9b01d6dfefe5887,36c848dfc2001338adabc61a19af8b8a4726970e,6bdb99c9b55bcc00044b0f8e609660b4819d57892e14604d4c94aa8fc3ae7a10,1997-10-15T12:46:13.240Z,28,2006-10-15T19:19:40.383Z,19,TFN,997640084,https://randomuser.me/api/portraits/women/30.jpg,https://randomuser.me/api/portraits/med/women/30.jpg,https://randomuser.me/api/portraits/thumb/women/30.jpg
male,gene.steward@example.com,06-8921-2241,0469-976-693,AU,Mr,Gene,Steward,3898,Wheeler Ridge Dr,Warrnambool,Victoria,Australia,8970,66.5413,-48.8486,-6:00,"Central Time (US & Canada), Mexico City",1d237d31-e3fc-45ad-a6eb-c494aa9b60f6,orangeleopard504,winger,X2aPiXIg,0a85c763e9ff973c3127a22a75b24814,ee0157c7b5f8e2f5141552375fc0602cea150e92,3563a669f4cf42af042c111b9c0913cc494fe3223b62b7cf6e457f29027ed74f,1962-06-25T23:17:50.373Z,63,2011-04-29T10:07:55.923Z,14,TFN,169551492,https://randomuser.me/api/portraits/men/12.jpg,https://randomuser.me/api/portraits/med/men/12.jpg,https://randomuser.me/api/portraits/thumb/men/12.jpg
male,titus.papen@example.com,(0977) 765461,(06) 46812178,NL,Mr,Titus,Papen,5029,Batavenlaan,Stolwijk,Friesland,Netherlands,4653 SY,-77.0240,112.7089,+9:30,"Adelaide, Darwin",6939c66d-a8d3-448a-b20e-cf95005f8816,organicbird114,timothy,AAtW3IkU,e08af236ba28f94c990c5230f1509032,dad7696403432fea1dc553d5224666b3f8291c19,e334a75b622d2a62567ee5cd7204515f99b951441c6e3cb8d588b26e42119df3,1955-01-28T10:21:41.400Z,71,2006-12-22T01:03:33.565Z,19,BSN,31155621,https://randomuser.me/api/portraits/men/47.jpg,https://randomuser.me/api/portraits/med/men/47.jpg,https://randomuser.me/api/portraits/thumb/men/47.jpg
female,tracy.reid@example.com,061-704-6823,081-453-0626,IE,Miss,Tracy,Reid,7886,Mill Road,Killarney,Tipperary,Ireland,33753,-34.0375,-140.2325,+6:00,"Almaty, Dhaka, Colombo",ff70122e-205f-42a1-8a00-003e600daea8,blueostrich701,poiuy,Vv9BsFr3,4c84383423efaa9e038934aa3ee05500,8cecb85cf595a5c3d2e84ef257adc95c85d2c65a,30688942659027db703fcf924bd2f543038c361fe2f56926e2408392ce1594f6,1968-10-13T08:02:28.629Z,57,2007-04-10T21:39:26.705Z,18,PPS,0574993T,https://randomuser.me/api/portraits/women/86.jpg,https://randomuser.me/api/portraits/med/women/86.jpg,https://randomuser.me/api/portraits/thumb/women/86.jpg
